[
  {
    "id": 1,
    "name": "KARIM FA",
    "photo": "images/june-2025/1.png",
    "group": "Alfajr July 2025",
    "nationality": "Cambodia",
    "dob": "10 Mar 1961",
    "passportNum": "N01520773",
    "passportExp": "15 Jun 2030",
    "visaType": "Umrah Visa",
    "visaNum": "6144766152",
    "visaIssue": "09 Jul 2025",
    "visaValid": "07 Oct 2025",
    "visaUrl": "https://visa.mofa.gov.sa/Home/PrintTourVisitByQRCode?AppNo=E795307491&Passport=N01520773&NatIso=KHM&nonce=a0240ac9169f3d188776d3c819d96aab&hash=402855111e8704d809ddd9d3c1f69ba180c607f3cc652f3a01c13abd2a5ff4a2",
    "visaPDF": "visa/1.pdf"
  },
  {
    "id": 2,
    "name": "NORIZA FA",
    "photo": "images/june-2025/2.png",
    "group": "Alfajr July 2025",
    "nationality": "Cambodia",
    "dob": "03 May 1993",
    "passportNum": "N02913931",
    "passportExp": "20 Aug 2029",
    "visaType": "Umrah Visa",
    "visaNum": "6144766156",
    "visaIssue": "09 Jul 2025",
    "visaValid": "07 Oct 2025",
    "visaUrl": "https://visa.mofa.gov.sa/Home/PrintTourVisitByQRCode?AppNo=E795307495&Passport=N02913931&NatIso=KHM&nonce=cba90c74cf25ed922bd07bc8f49fa6d4&hash=89ccf065d331f3a332c286e2df698d1cb8507975d0662227d8f93cb3a73ff88e",
    "visaPDF": "visa/2.pdf"
  },
  {
    "id": 3,
    "name": "SHALABIYA HAROUN",
    "photo": "images/june-2025/3.png",
    "group": "Alfajr July 2025",
    "nationality": "Cambodia",
    "dob": "23 Jan 2023",
    "passportNum": "N02913867",
    "passportExp": "10 Nov 2028",
    "visaType": "Umrah Visa",
    "visaNum": "6144766153",
    "visaIssue": "09 Jul 2025",
    "visaValid": "07 Oct 2025",
    "visaUrl": "https://visa.mofa.gov.sa/Home/PrintTourVisitByQRCode?AppNo=E795307492&Passport=N02913867&NatIso=KHM&nonce=ebd002c1d62f2efee4ba7b17768d21da&hash=5e2d9d8974c5f64f4197d7dbb1bd91987f249ce938ef37ed4d8cc568d316c4fd",
    "visaPDF": "visa/3.pdf"
  },
  {
    "id": 4,
    "name": "HAROUN KRIM",
    "photo": "images/june-2025/4.png",
    "group": "Alfajr July 2025",
    "nationality": "Cambodia",
    "dob": "15 Mar 1992",
    "passportNum": "N01528046",
    "passportExp": "05 Jan 2027",
    "visaType": "Umrah Visa",
    "visaNum": "6144766151",
    "visaIssue": "09 Jul 2025",
    "visaValid": "07 Oct 2025",
    "visaUrl": "https://visa.mofa.gov.sa/Home/PrintTourVisitByQRCode?AppNo=E795307489&Passport=N01528046&NatIso=KHM&nonce=4e1bd208ba3b61fd4d1070d28c2213e4&hash=4da886b2f1ad49acd76b9403d48f62b4e699bfa7161545b041d95e2491882110",
    "visaPDF": "visa/4.pdf"
  },
  {
    "id": 5,
    "name": "SAMYAH LORS",
    "photo": "images/june-2025/5.png",
    "group": "Alfajr July 2025",
    "nationality": "Cambodia",
    "dob": "15 May 1968",
    "passportNum": "N01567192",
    "passportExp": "12 Feb 2031",
    "visaType": "Umrah Visa",
    "visaNum": "6144766154",
    "visaIssue": "09 Jul 2025",
    "visaValid": "07 Oct 2025",
    "visaUrl": "https://visa.mofa.gov.sa/Home/PrintTourVisitByQRCode?AppNo=E795307493&Passport=N01567192&NatIso=KHM&nonce=9ab73027cc33c3a911865a0b6cd6e7ee&hash=ef6f99b3fd6de8f61d57b4096968ce98d53d84959bca92b9c4302cbf4eaab08e",
    "visaPDF": "visa/5.pdf"
  },
  {
    "id": 6,
    "name": "NOOR AZIZAH BINTI ABU BAKAR",
    "photo": "images/june-2025/6.png",
    "group": "Alfajr July 2025",
    "nationality": "Malaysia",
    "dob": "07 Dec 1988",
    "passportNum": "A60793703",
    "passportExp": "22 Jul 2026",
    "visaType": "Umrah Visa",
    "visaNum": "6144821970",
    "visaIssue": "10 Jul 2025",
    "visaValid": "08 Oct 2025",
    "visaUrl": "https://services.ksavisa.sa/Home/PrintTourVisitByQRCode?AppNo=E795367639&Passport=A60793703&NatIso=MYS",
    "visaPDF": "visa/6.pdf"
  },
  {
    "id": 7,
    "name": "RIFAS SA",
    "photo": "images/june-2025/7.png",
    "group": "Alfajr July 2025",
    "nationality": "Cambodia",
    "dob": "03 Apr 1973",
    "passportNum": "N01518626",
    "passportExp": "18 Mar 2028",
    "visaType": "Umrah Visa",
    "visaNum": "6144766155",
    "visaIssue": "09 Jul 2025",
    "visaValid": "07 Oct 2025",
    "visaUrl": "https://visa.mofa.gov.sa/Home/PrintTourVisitByQRCode?AppNo=E795307494&Passport=N01518626&NatIso=KHM&nonce=5f7d693e29ba82fcee9cf6495fea13ce&hash=2c234fd707dd8ed131e619afe4f83c9884997b14cf7931c4e13b24ea59edce73",
    "visaPDF": "visa/7.pdf"
  },
  {
    "id": 8,
    "name": "FUDHLULLAH ZAKARYYA ADAM",
    "photo": "images/june-2025/8.png",
    "group": "Alfajr July 2025",
    "nationality": "Cambodia",
    "dob": "11 Nov 1991",
    "passportNum": "N01186297",
    "passportExp": "30 Dec 2030",
    "visaType": "Umrah Visa",
    "visaNum": "6144766150",
    "visaIssue": "09 Jul 2025",
    "visaValid": "07 Oct 2025",
    "visaUrl": "https://visa.mofa.gov.sa/Home/PrintTourVisitByQRCode?AppNo=E795307490&Passport=N01186297&NatIso=KHM&nonce=34e76adb5dead5351f1bf7f061fc6204&hash=01602592947407b9003c564ee7c7c4ec28dbb9479e202a8412b869f890b8f4bd",
    "visaPDF": "visa/8.pdf"
  }
]